--
-- Database: `pis_codeigniter`
--

-- --------------------------------------------------------

--
-- Struktur dari tabel `tbl_armada`
--

CREATE TABLE `tbl_armada` (
  `id_armada` int(11) NOT NULL,
  `namaarmada` varchar(12) CHARACTER SET latin1 DEFAULT NULL,
  `rute` text CHARACTER SET latin1
) ENGINE=InnoDB DEFAULT CHARSET=utf8;

--
-- Dumping data untuk tabel `tbl_armada`
--

INSERT INTO `tbl_armada` (`id_armada`, `namaarmada`, `rute`) VALUES
(2, 'TMB 01', 'Cicaheum - Cibeureum'),
(3, 'TMB 02', 'Leuwi Panjang - Ledeng'),
(4, 'TMB 05', 'Dipati Ukur - Leuwi Panjang'),
(5, 'TMB 06 A', 'Elang - Jatinangor via tol Moh. Toha'),
(6, 'TMB 06 B', 'Elang - Cibiru via By Pass Soekarno-Hatta'),
(7, 'TMB 07', 'Dipati Ukur - Jatinangor via Tol Moh. Toha'),
(8, 'TMB 08', 'Kebon Kelapa - Tanjung Sari'),
(9, 'TMB 09', 'Cicaheum - Leuwi Panjang'),
(10, 'TMB 11', 'Cibiru - Kebon Kelapa'),
(11, 'TMB 15', 'Alun-Alun - Ciburuy'),
(12, 'Angkot 01A', 'Abdul Muis (Kebon Kelapa) - Cicaheum via Binong'),
(13, 'Angkot 01B', 'Abdul Muis (Kebon Kelapa) - Cicaheum via Aceh'),
(14, 'Angkot 02', 'Abdul Muis (Kebon Kelapa) - Dago'),
(15, 'Angkot 03', 'Abdul Muis (Kebon Kelapa) - Ledeng'),
(16, 'Angkot 04', 'Abdul Muis (Kebon Kelapa) - Elang'),
(17, 'Angkot 05', 'Cicaheum - Ledeng'),
(18, 'Angkot 06', 'Cicaheum - Ciroyom'),
(19, 'Angkot 07', 'Cicaheum - Ciwastra - Derwati'),
(20, 'Angkot 08', 'Cicaheum - Leuwipanjang'),
(21, 'Angkot 09', 'Stasiun Hall - Dago'),
(22, 'Angkot 10', 'Stasiun Hall - Sadang Serang'),
(23, 'Angkot 11A', 'Stasiun Hall - Ciumbeuleuit via Eyckman (belok)'),
(24, 'Angkot 11B', 'Stasiun Hall - Ciumbeuleuit via Cihampelas (lurus)'),
(25, 'Angkot 12', 'Stasiun Hall - Gede Bage'),
(26, 'Angkot 13', 'Stasiun Hall - Sarijadi (Lintas Husein)'),
(27, 'Angkot 14', 'Stasiun Hall – Gunung Batu (Lintas Husein)'),
(28, 'Angkot 15', 'Margahayu Raya - Ledeng'),
(29, 'Angkot 16', 'Dago - Riung Bandung'),
(30, 'Angkot 17', 'Dago - Pasar Induk Caringin'),
(31, 'Angkot 18', 'Panghegar Permai - Dipatiukur');

-- --------------------------------------------------------

--
-- Struktur dari tabel `tbl_halte`
--

CREATE TABLE `tbl_halte` (
  `id_halte` int(11) NOT NULL,
  `namahalte` varchar(32) CHARACTER SET latin1 DEFAULT NULL,
  `keterangan` text CHARACTER SET latin1
) ENGINE=InnoDB DEFAULT CHARSET=utf8;

--
-- Dumping data untuk tabel `tbl_halte`
--

INSERT INTO `tbl_halte` (`id_halte`, `namahalte`, `keterangan`) VALUES
(2, 'Halte Rajawali Bandung', 'Halte Rajawali Bandung'),
(3, 'Halte Dago', 'Halte Dago'),
(4, 'Terminal Bis Leuwipanjang', 'Terminal Bis Leuwipanjang'),
(5, 'Halte KOPO (RS. Immanuel)', 'Halte KOPO (RS. Immanuel)'),
(6, 'Halte Astana Anyar', 'Halte Astana Anyar'),
(7, 'Halte Kebonjati', 'Halte Kebonjati'),
(8, 'Halte Balai Kota Bandung', 'Halte Balai Kota'),
(9, 'Halte XL/Riau', 'Halte XL/Riau'),
(10, 'Halte Dago 1', 'Halte Dago 1'),
(11, 'Halte SMAN 1 bandung', 'Halte SMAN 1'),
(12, 'Halte Dago 3', 'Halte Dago 3'),
(13, 'Terminal Bus Dipatiukur', 'Terminal Bus Dipatiukur');

-- --------------------------------------------------------

--
-- Struktur dari tabel `tbl_jalan`
--

CREATE TABLE `tbl_jalan` (
  `id_jalan` int(11) NOT NULL,
  `namajalan` varchar(50) CHARACTER SET latin1 DEFAULT NULL,
  `keterangan` text CHARACTER SET latin1
) ENGINE=InnoDB DEFAULT CHARSET=utf8;

--
-- Dumping data untuk tabel `tbl_jalan`
--

INSERT INTO `tbl_jalan` (`id_jalan`, `namajalan`, `keterangan`) VALUES
(3, 'Sukarno Hatta', 'Jalan Sukarno Hatta'),
(4, 'Jendral Sudirman', 'Jalan Jendral Sudirman'),
(5, 'Leuwipanjang - Dipatiukur', 'Leuwipanjang - Dipatiukur'),
(6, 'Soreang - Terminal Leuwipanjang', 'Soreang - Terminal Leuwipanjang'),
(7, 'Leuwipangjang - Gedebage', 'Leuwipangjang - Gedebage'),
(8, 'Elang - Cibiru', 'Elang - Cibiru');

-- --------------------------------------------------------

--
-- Struktur dari tabel `tbl_koordinatarmada`
--

CREATE TABLE `tbl_koordinatarmada` (
  `id_koordinatarmada` int(11) NOT NULL,
  `armada_id` int(11) DEFAULT NULL,
  `latitude` varchar(24) CHARACTER SET latin1 DEFAULT NULL,
  `longitude` varchar(24) CHARACTER SET latin1 DEFAULT NULL,
  `waktu` timestamp NOT NULL DEFAULT CURRENT_TIMESTAMP ON UPDATE CURRENT_TIMESTAMP
) ENGINE=InnoDB DEFAULT CHARSET=utf8;

--
-- Dumping data untuk tabel `tbl_koordinatarmada`
--

INSERT INTO `tbl_koordinatarmada` (`id_koordinatarmada`, `armada_id`, `latitude`, `longitude`, `waktu`) VALUES
(2, 2, '-6.886074980406491', '107.6147210597992', '2017-05-29 05:48:03'),
(3, 3, '-6.887896373784644', '107.61541843414307', '2017-05-29 05:50:42'),
(4, 4, '-6.892313881838138', '107.6178253814578', '2017-06-06 08:14:23'),
(5, 6, '-6.885863607971902', '107.6136589050293', '2017-06-09 04:35:52'),
(6, 30, '-6.888590370940231', '107.61559009552002', '2017-06-12 08:10:06');

-- --------------------------------------------------------

--
-- Struktur dari tabel `tbl_koordinathalte`
--

CREATE TABLE `tbl_koordinathalte` (
  `id_koordinathalte` int(11) NOT NULL,
  `halte_id` int(11) DEFAULT NULL,
  `latitude` varchar(24) CHARACTER SET latin1 DEFAULT NULL,
  `longitude` varchar(24) CHARACTER SET latin1 DEFAULT NULL
) ENGINE=InnoDB DEFAULT CHARSET=utf8;

--
-- Dumping data untuk tabel `tbl_koordinathalte`
--

INSERT INTO `tbl_koordinathalte` (`id_koordinathalte`, `halte_id`, `latitude`, `longitude`) VALUES
(1, 2, '-6.913320649032933', '107.5756761431694'),
(2, 3, '-6.895056784256195', '107.61288911104202'),
(3, 4, '-6.945431', '107.5928745'),
(4, 5, '-6.9353306', '107.5957954'),
(5, 6, '-6.9209817', '107.5983489'),
(6, 7, '-6.91621', '107.598901'),
(7, 8, '-6.9126937', '107.6090005'),
(8, 9, '-6.9067682', '107.6095853'),
(9, 10, '-6.901735', '107.6117'),
(10, 11, '-6.8956098', '107.6128449'),
(11, 12, '-6.8866001', '107.6135698'),
(12, 13, '-6.8921895', '107.6178995');

-- --------------------------------------------------------

--
-- Struktur dari tabel `tbl_koordinatjalan`
--

CREATE TABLE `tbl_koordinatjalan` (
  `id_koordinatjalan` int(11) NOT NULL,
  `jalan_id` int(11) DEFAULT NULL,
  `latitude` varchar(24) CHARACTER SET latin1 DEFAULT NULL,
  `longitude` varchar(24) CHARACTER SET latin1 DEFAULT NULL
) ENGINE=InnoDB DEFAULT CHARSET=utf8;

--
-- Dumping data untuk tabel `tbl_koordinatjalan`
--

INSERT INTO `tbl_koordinatjalan` (`id_koordinatjalan`, `jalan_id`, `latitude`, `longitude`) VALUES
(28, 4, '-6.920854454199412', '107.60406303248601'),
(29, 4, '-6.920343222198407', '107.5982265456696'),
(30, 4, '-6.919320756535462', '107.59144592127996'),
(31, 4, '-6.918639111529982', '107.58372115931707'),
(32, 4, '-6.91770184804073', '107.57960128627019'),
(33, 4, '-6.91770184804073', '107.5747947677155'),
(124, 3, '-6.913260471859362', '107.57569894194603'),
(125, 3, '-6.917038839465293', '107.57432162761688'),
(126, 3, '-6.9171245779626656', '107.57451876997948'),
(127, 3, '-6.917308303279166', '107.57454290986061'),
(128, 3, '-6.917446762890751', '107.57441818714142'),
(129, 3, '-6.919006560913009', '107.57440410554409'),
(130, 3, '-6.920033553827701', '107.5744503736496'),
(131, 3, '-6.922387348115654', '107.57482722401619'),
(132, 3, '-6.924088915673649', '107.57507868111134'),
(133, 3, '-6.926848807775962', '107.57550682872534'),
(134, 3, '-6.930236661235377', '107.57600974291563'),
(135, 3, '-6.93041106230681', '107.5760543346405'),
(136, 3, '-6.931208180886205', '107.57625315338373'),
(137, 3, '-6.932464863032431', '107.5766759365797'),
(138, 3, '-6.93360318958037', '107.57717851549387'),
(139, 3, '-6.934691856157727', '107.57777061313391'),
(140, 3, '-6.935004710022452', '107.57798686623573'),
(141, 3, '-6.935915978984814', '107.57860008627176'),
(142, 3, '-6.936214520676297', '107.57881231606007'),
(143, 3, '-6.936708761545002', '107.57914960384369'),
(144, 3, '-6.938159863083357', '107.5801507383585'),
(145, 3, '-6.938920691128902', '107.58067175745964'),
(146, 3, '-6.93953274742738', '107.58108515292406'),
(147, 3, '-6.939655890798597', '107.58117098361254'),
(148, 3, '-6.9401424732260315', '107.58158437907696'),
(149, 3, '-6.9406713231694255', '107.58201990276575'),
(150, 3, '-6.940983507438589', '107.58220162242651'),
(151, 3, '-6.941461102375022', '107.58264318108559'),
(152, 3, '-6.941605212789921', '107.58278198540211'),
(153, 3, '-6.942210276452146', '107.5834471732378'),
(154, 3, '-6.942917847141881', '107.58430447429419'),
(155, 3, '-6.943080927708583', '107.58451670408249'),
(156, 3, '-6.943435045364247', '107.58506622165442'),
(157, 3, '-6.943742235545074', '107.58557047694921'),
(158, 3, '-6.94389466570118', '107.58584674447775'),
(159, 3, '-6.944113659142559', '107.58625779300928'),
(160, 3, '-6.944503387367153', '107.58711341768503'),
(161, 3, '-6.94523757988071', '107.5889939814806'),
(162, 3, '-6.945422625509387', '107.58950460702181'),
(163, 3, '-6.945768088192822', '107.59022980928421'),
(164, 3, '-6.946102234891629', '107.59095266461372'),
(165, 3, '-6.946477650421436', '107.59195379912853'),
(166, 3, '-6.946622424947273', '107.59240876883268'),
(167, 3, '-6.946809466993622', '107.59301830083132'),
(168, 3, '-6.947113992453765', '107.59441372007132'),
(169, 3, '-6.9471958648389265', '107.59510774165392'),
(170, 3, '-6.9472111743077445', '107.59529415518045'),
(171, 3, '-6.947258433969203', '107.59548928588629'),
(172, 3, '-6.947313348358583', '107.59590201079845'),
(173, 3, '-6.947380909689449', '107.59672913700342'),
(174, 3, '-6.947408533284983', '107.59716231375933'),
(175, 3, '-6.947479089931284', '107.59795390069485'),
(176, 3, '-6.947523354237002', '107.59853158146143'),
(177, 3, '-6.947593577955333', '107.59955786168575'),
(178, 3, '-6.947693422221191', '107.60095093399286'),
(179, 3, '-6.947762314756565', '107.60221660137177'),
(180, 3, '-6.94778927270652', '107.60259512811899'),
(181, 3, '-6.947888451295107', '107.60322745889425'),
(182, 3, '-6.94802656910747', '107.60509863495827'),
(183, 3, '-6.948085809990599', '107.60611418634653'),
(184, 3, '-6.94814604930661', '107.60697819292545'),
(185, 3, '-6.948237173735752', '107.60871693491936'),
(186, 3, '-6.9482804395313025', '107.60938547551632'),
(187, 3, '-6.948372296124819', '107.61044226586819'),
(188, 3, '-6.948570653045235', '107.61280864477158'),
(189, 3, '-6.94873373166708', '107.6151730120182'),
(190, 3, '-6.9488661914141465', '107.6170639693737'),
(191, 3, '-6.949044579352742', '107.61947125196457'),
(192, 3, '-6.949217642183374', '107.62176655232906'),
(193, 3, '-6.949467917578211', '107.6248698681593'),
(194, 3, '-6.949477902006827', '107.62643024325371'),
(195, 3, '-6.949296851697753', '107.62861154973507'),
(196, 3, '-6.949144423302833', '107.6294805854559'),
(197, 3, '-6.948701781574194', '107.63115964829922'),
(198, 3, '-6.947964266285939', '107.6335971057415'),
(199, 3, '-6.946927216755972', '107.63684459030628'),
(200, 3, '-6.94641335048377', '107.63846062123775'),
(201, 3, '-6.945751047971077', '107.64070026576519'),
(202, 3, '-6.9453470097393915', '107.6420259475708'),
(203, 3, '-6.944638777029833', '107.64409996569157'),
(204, 3, '-6.94400110051341', '107.6460774242878'),
(205, 3, '-6.943528500402018', '107.64749027788639'),
(206, 3, '-6.942948066911419', '107.64930814504623'),
(217, 3, '-6.942052187826013	', '107.6522334292531'),
(218, 3, '-6.941743332424398	', '107.65319600701332'),
(219, 3, '-6.941366581882512', '107.65441507101059'),
(220, 3, '-6.941067377803978	', '107.65536390244961'),
(221, 3, '-6.940811107180916', '107.6561538130045'),
(222, 3, '-6.940449665540998', '107.65730783343315'),
(223, 3, '-6.94021602631712', '	107.65804443508387'),
(224, 3, '-6.939894855406838', '	107.65913274139166'),
(225, 3, '-6.939580340655796', '	107.66037560999393'),
(226, 3, '-6.9394814931662205', ' 107.6608369499445'),
(227, 3, '-6.939309092373643', '	107.66185149550438'),
(228, 3, '-6.93917296892331', '	107.66265615820885'),
(229, 3, '-6.939130367933216', ' 107.66292069107294'),
(230, 3, '-6.939034182871091', '	107.66390237957239'),
(231, 3, '-6.938949979323045', ' 107.66505740582943'),
(232, 3, '-6.938842478328773', ' 107.66658928245306'),
(233, 3, '-6.938781904921052', '	107.66742814332247'),
(234, 3, '-6.938703026456757', '	107.66871627420187'),
(235, 3, '-6.938612166437227	', '107.6699048280716'),
(236, 3, '-6.938468387908921', '	107.67197951674461'),
(237, 3, '-6.93839383606215', '	107.67291493713856'),
(238, 3, '-6.9383139590703715', '	107.67411556094885'),
(239, 3, '-6.938269028256532', '	107.67478846013546'),
(240, 3, '-6.938178833795079', '	107.6760209351778'),
(241, 3, '-6.938103283439539', '	107.67717327922583'),
(242, 3, '-6.9380490336172755', '	107.67799571156502'),
(243, 3, '-6.937980139662217', '	107.67883155494928'),
(244, 3, '-6.937848342502703', '	107.68057968467474'),
(245, 3, '-6.937729525334853', '	107.68231641501188'),
(246, 3, '-6.937588409107757', '	107.68379531800747'),
(247, 3, '-6.937401030655959', '	107.6860611140728'),
(248, 3, '-6.937114138459165', '	107.69052162766457'),
(249, 3, '-6.937023943776498', '	107.69174706190825'),
(250, 3, '-6.936984005166095', '	107.69202265888453'),
(251, 3, '-6.936966032790325', '	107.69232138991356'),
(252, 3, '-6.936953385562513', '  107.69264459609985'),
(253, 3, '-6.936919437738806', '	107.69299060106277'),
(254, 3, '-6.936877169366666', '	107.69367188215256'),
(255, 3, '-6.936805612665007', '	107.69463244825602'),
(256, 3, '-6.936715417988002', '	107.6956832036376'),
(257, 3, '-6.936634875068732', '	107.69657034426928'),
(258, 3, '-6.936445499299557', '107.69898030906916'),
(259, 3, '-6.936381930265011', '107.69981179386377'),
(260, 3, '-6.936289072843731', '107.70116161555052'),
(261, 3, '-6.936238483857719', '107.70202595740557'),
(262, 3, '-6.936189226155601', '107.70266767591238'),
(263, 3, '-6.936098365651009', '107.70386427640915'),
(264, 3, '-6.93604711099966', '107.7045401930809'),
(265, 3, '-6.936022149316785', '107.70509205758572'),
(266, 3, '-6.9359905311832515', '107.70603653043509'),
(267, 3, '-6.935943936035223', '107.70667925477028'),
(268, 3, '-6.93587903568341', '107.70695216953754'),
(269, 3, '-6.935835768750151', '107.70767267793417'),
(270, 3, '-6.935753228743369', '107.70891521126032'),
(271, 3, '-6.93568267033901', '107.7100370451808'),
(272, 3, '-6.935600795950902', '107.71125242114067'),
(273, 3, '-6.935558860283179', '107.71190855652094'),
(274, 3, '-6.93550527581344', '107.71260995417833'),
(275, 3, '-6.93542007314545', '107.713766656816'),
(276, 3, '-6.935352510097481', '107.71477952599525'),
(277, 3, '-6.935209396220005', '107.71682135760784'),
(278, 3, '-6.935159805587206', '107.71704163402319'),
(279, 3, '-6.93506295404752', '107.71720591932535'),
(280, 3, '-6.934942804884107', '107.7174261957407'),
(281, 3, '-6.934854606725267', '107.71746374666691'),
(282, 3, '-6.934757755183749', '107.71755360066891'),
(283, 3, '-6.934722143084971', '107.71768167614937'),
(284, 3, '-6.9347510987168945', '107.71781042218208'),
(285, 3, '-6.93484528767355', '107.71792910993099'),
(286, 3, '-6.934981412374857', '107.71797806024551'),
(287, 3, '-6.935104224113186', '107.71795392036438'),
(288, 3, '-6.935207066463929', '107.7178892120719'),
(289, 3, '-6.935272965417892', '107.7178057283163'),
(290, 3, '-6.935291270686329', '107.71770380437374'),
(291, 3, '-6.935319227814433', '107.71756533533335'),
(292, 5, '-6.945424089917192', '107.59295359253883'),
(293, 5, '-6.944946166167116', '107.59283691644669'),
(294, 5, '-6.944549449164649', '107.59267866611481'),
(295, 5, '-6.944283195934919', '107.59246408939362'),
(296, 5, '-6.944044899184703', '107.59200811386108'),
(297, 5, '-6.943644187617493', '107.59134963154793'),
(298, 5, '-6.943469791446762', '107.59100899100304'),
(299, 5, '-6.942769543494744', '107.59145826101303'),
(300, 5, '-6.9420440004000925', '107.59189680218697'),
(301, 5, '-6.941250561328953', '107.59239301085472'),
(302, 5, '-6.940592911017397', '107.59285166859627'),
(303, 5, '-6.940044424629682', '107.59321913123131'),
(304, 5, '-6.939389435193429', '107.59360402822495'),
(305, 5, '-6.938846272205666', '107.59389638900757'),
(306, 5, '-6.938232550893948', '107.59424641728401'),
(307, 5, '-6.93756690865368', '107.59462997317314'),
(308, 5, '-6.936990461713331', '107.5950175523758'),
(309, 5, '-6.936212989433652', '107.59544804692268'),
(310, 5, '-6.935547344338771', '107.59567737579346'),
(311, 5, '-6.934875041838088', '107.59586915373802'),
(312, 5, '-6.934419739401581', '107.59602069854736'),
(313, 5, '-6.933527771364587', '107.5962620973587'),
(314, 5, '-6.9325346228768865', '107.5965316593647'),
(315, 5, '-6.93151218364122', '107.59683609008789'),
(316, 5, '-6.9308318875562565', '107.59704932570457'),
(317, 5, '-6.930376581213137', '107.59717270731926'),
(318, 5, '-6.929849383845346', '107.59733498096466'),
(319, 5, '-6.929404727021238', '107.59742751717567'),
(320, 5, '-6.928555351443036', '107.59763941168785'),
(321, 5, '-6.927729937973161', '107.59792909026146'),
(322, 5, '-6.926730120690013', '107.59822010993958'),
(323, 5, '-6.926823312803326', '107.59947672486305'),
(324, 5, '-6.92683263201365', '107.5998455286026'),
(325, 5, '-6.925874083702057', '107.59953573346138'),
(326, 5, '-6.925135201382355', '107.59926751255989'),
(327, 5, '-6.924321764076344', '107.59897783398628'),
(328, 5, '-6.92391650924', '107.59885780513287'),
(329, 5, '-6.923211572627104', '107.59868681430817'),
(330, 5, '-6.92262179493697', '107.59856276214123'),
(331, 5, '-6.922027356775937', '107.59849704802036'),
(332, 5, '-6.921406291083247', '107.59843938052654'),
(333, 5, '-6.920720655090119', '107.5983676314354'),
(334, 5, '-6.9200862744929745', '107.59834215044975'),
(335, 5, '-6.918767585631462', '107.59830258786678'),
(336, 5, '-6.91820975455167', '107.59828917682171'),
(337, 5, '-6.9178240651588006', '107.59828682988882'),
(338, 5, '-6.917081841863448', '107.59826269000769'),
(339, 5, '-6.916328633832908', '107.59821709245443'),
(340, 5, '-6.916264063577775', '107.5990428775549'),
(341, 5, '-6.916237103829444', '107.599558532238'),
(342, 5, '-6.916201823168842', '107.59994376450777'),
(343, 5, '-6.916190839566414', '107.60047752410173'),
(344, 5, '-6.916180854473075', '107.60155040770769'),
(345, 5, '-6.916116949870722', '107.60218642652035'),
(346, 5, '-6.916088658767966', '107.6031144708395'),
(347, 5, '-6.915987809293741', '107.60360900312662'),
(348, 5, '-6.9158486835810935', '107.60430738329887'),
(349, 5, '-6.915817064095239', '107.60447401553392'),
(350, 5, '-6.914746660041128', '107.60458499193192'),
(351, 5, '-6.9147110464317265', '107.60470367968082'),
(352, 5, '-6.9147772810863275', '107.60508421808481'),
(353, 5, '-6.9148358604716', '107.60571017861366'),
(354, 5, '-6.914891444313417', '107.60629624128342'),
(355, 5, '-6.914956014756178', '107.60663855820894'),
(356, 5, '-6.915066849567766', '107.60673310607672'),
(357, 5, '-6.915173357429692', '107.60679177939892'),
(358, 5, '-6.915228941231802', '107.60690208524466'),
(359, 5, '-6.915216959095378', '107.60704223066568'),
(360, 5, '-6.915180347009968', '107.60708179324865'),
(361, 5, '-6.9143542444332535', '107.60719612240791'),
(362, 5, '-6.914294333637155', '107.60736878961325'),
(363, 5, '-6.914216782428697', '107.60753609240055'),
(364, 5, '-6.9140839801151275', '107.60781973600388'),
(365, 5, '-6.913935201539043', '107.60818686336279'),
(366, 5, '-6.9138586487858955', '107.60848928242922'),
(367, 5, '-6.913844669586159', '107.60886076837778'),
(368, 5, '-6.913851992024167', '107.60900862514973'),
(369, 5, '-6.913241899413506', '107.6090257242322'),
(370, 5, '-6.912651110673789', '107.60904550552368'),
(371, 5, '-6.91185662352991', '107.60904382914305'),
(372, 5, '-6.911162319835158', '107.60904248803854'),
(373, 5, '-6.910902371716572', '107.60904047638178'),
(374, 5, '-6.9106337696668545', '107.60901432484388'),
(375, 5, '-6.910310581571454', '107.60891675949097'),
(376, 5, '-6.910081587195041', '107.60878700762987'),
(377, 5, '-6.909769382392841', '107.60860327631235'),
(378, 5, '-6.909535727978519', '107.60846212506294'),
(379, 5, '-6.909244159121195', '107.60829985141754'),
(380, 5, '-6.9090690845270295', '107.60817412286997'),
(381, 5, '-6.908870710977187', '107.60798335075378'),
(382, 5, '-6.908758543386524', '107.60790288448334'),
(383, 5, '-6.908601109247874', '107.60783616453409'),
(384, 5, '-6.908439348112132', '107.60778620839119'),
(385, 5, '-6.908133799067928', '107.60769702494144'),
(386, 5, '-6.907989345567918', '107.60765679180622'),
(387, 5, '-6.907526295306148', '107.6076527684927'),
(388, 5, '-6.907190124218597', '107.60769233107567'),
(389, 5, '-6.906612375393939', '107.60777849704027'),
(390, 5, '-6.906518180762983', '107.60792031884193'),
(391, 5, '-6.906580755290229', '107.60821402072906'),
(392, 5, '-6.906635341573208', '107.6084778830409'),
(393, 5, '-6.906726207709148', '107.60900091379881'),
(394, 5, '-6.906783789562934', '107.60935563594103'),
(395, 5, '-6.906868331693927', '107.60976869612932'),
(396, 5, '-6.90694255567837', '107.61012174189091'),
(397, 5, '-6.907006128678203', '107.61045400053263'),
(398, 5, '-6.905487164268024', '107.61053144931793'),
(399, 5, '-6.904732273687302', '107.61060118675232'),
(400, 5, '-6.904062590062112', '107.61087611317635'),
(401, 5, '-6.903218494440817', '107.61123552918434'),
(402, 5, '-6.902567580994863', '107.61148899793625'),
(403, 5, '-6.902050337979791', '107.61168077588081'),
(404, 5, '-6.901421923569047', '107.61192552745342'),
(405, 5, '-6.900136467340076', '107.61245861649513'),
(406, 5, '-6.899949406872921', '107.6125880330801'),
(407, 5, '-6.899420844157023', '107.61268526315689'),
(408, 5, '-6.899077344644999', '107.61270873248577'),
(409, 5, '-6.898701891404959', '107.61273086071014'),
(410, 5, '-6.897715859114397', '107.61280596256256'),
(411, 5, '-6.896478988972966', '107.61283278465271'),
(412, 5, '-6.8957041128148475', '107.61286899447441'),
(413, 5, '-6.8940917805269954', '107.61298298835754'),
(414, 5, '-6.892817621403172', '107.6130822300911'),
(415, 5, '-6.891337089466825', '107.61318281292915'),
(416, 5, '-6.890214703410517', '107.61331290006638'),
(417, 5, '-6.8882375423068165', '107.61353686451912'),
(418, 5, '-6.887095178800994', '107.61357977986336'),
(419, 5, '-6.885397605572825', '107.6136763393879'),
(420, 5, '-6.88522318790097', '107.61369913816452'),
(421, 5, '-6.885339022545154', '107.61410549283028'),
(422, 5, '-6.885572023180559', '107.61449441313744'),
(423, 5, '-6.885840972343165', '107.61467412114143'),
(424, 5, '-6.886168504285791', '107.61481896042824'),
(425, 5, '-6.886406032544483', '107.61487361043692'),
(426, 5, '-6.886684301235661', '107.61497788131237'),
(427, 5, '-6.886964899762568', '107.61507712304592'),
(428, 5, '-6.887354675139599', '107.61520721018314'),
(429, 5, '-6.887543072329677', '107.6152839884162'),
(430, 5, '-6.887757099066113', '107.61535607278347'),
(431, 5, '-6.887935842938407', '107.61541742831469'),
(432, 5, '-6.888178827982657', '107.6155049353838'),
(433, 5, '-6.888529658224164', '107.61562697589397'),
(434, 5, '-6.888730370285489', '107.61570006608963'),
(435, 5, '-6.88882989414508', '107.61573560535908'),
(436, 5, '-6.889039593178875', '107.61583585292101'),
(437, 5, '-6.8892805805254325', '107.61594817042351'),
(438, 5, '-6.889408729824191', '107.61601321399212'),
(439, 5, '-6.889517906342314', '107.61607054620981'),
(440, 5, '-6.889786520412533', '107.61624153703451'),
(441, 5, '-6.889931978095561', '107.61632837355137'),
(442, 5, '-6.890165309325057', '107.61652551591396'),
(443, 5, '-6.890320419631364', '107.61665493249893'),
(444, 5, '-6.890674909686752', '107.61692147701979'),
(445, 5, '-6.890778427390014', '107.61698920279741'),
(446, 5, '-6.891098300278808', '107.61718165129423'),
(447, 5, '-6.891500055076946', '107.61741064488888'),
(448, 5, '-6.891806946188894', '107.61756017804146'),
(449, 5, '-6.891969045860892', '107.61763460934162'),
(450, 5, '-6.892273273843084', '107.61779990047216'),
(451, 5, '-6.8923235346834835', '107.61782370507717'),
(452, 5, '-6.89237545978454', '107.61788170784712'),
(453, 5, '-6.892580364076863', '107.61796921491623'),
(454, 5, '-6.892702853973183', '107.61803895235062'),
(455, 5, '-6.892830669494011', '107.6180550456047');

-- --------------------------------------------------------

--
-- Struktur dari tabel `tbl_relasi`
--

CREATE TABLE `tbl_relasi` (
  `id_relasi` int(11) NOT NULL,
  `halte_id` int(11) NOT NULL,
  `armada_id1` int(11) NOT NULL,
  `jalan_id` int(11) NOT NULL
) ENGINE=InnoDB DEFAULT CHARSET=latin1;

--
-- Dumping data untuk tabel `tbl_relasi`
--

INSERT INTO `tbl_relasi` (`id_relasi`, `halte_id`, `armada_id1`, `jalan_id`) VALUES
(9, 4, 4, 5),
(10, 5, 4, 5),
(11, 6, 4, 5),
(12, 7, 4, 5),
(13, 8, 4, 5),
(14, 9, 4, 5),
(15, 10, 4, 5),
(16, 11, 4, 5),
(17, 12, 4, 5),
(18, 13, 4, 5),
(19, 13, 30, 5),
(20, 9, 30, 5),
(21, 13, 13, 3),
(22, 9, 6, 4),
(26, 4, 23, 6),
(27, 5, 23, 6),
(28, 4, 23, 5),
(29, 11, 13, 3),
(30, 6, 5, 6);

-- --------------------------------------------------------

--
-- Struktur dari tabel `tbl_sessions`
--

CREATE TABLE `tbl_sessions` (
  `id` varchar(128) NOT NULL,
  `ip_address` varchar(45) NOT NULL,
  `timestamp` int(10) UNSIGNED NOT NULL DEFAULT '0',
  `data` blob NOT NULL
) ENGINE=InnoDB DEFAULT CHARSET=latin1;

--
-- Dumping data untuk tabel `tbl_sessions`
--

INSERT INTO `tbl_sessions` (`id`, `ip_address`, `timestamp`, `data`) VALUES
('97erjpim8pqmocj3oksc7c2543nf7u0c', '::1', 1498919208, 0x5f5f63695f6c6173745f726567656e65726174657c693a313439383931393035343b),
('3enq621e58s57nbo5j81p3iqntc71lhn', '::1', 1498919681, 0x5f5f63695f6c6173745f726567656e65726174657c693a313439383931393432363b),
('c1lb80u0p2nu53veqa8sptrqvs7br75h', '::1', 1498920021, 0x5f5f63695f6c6173745f726567656e65726174657c693a313439383931393733363b),
('99n0na54dk40vkgmqane0f8dcii9ontk', '::1', 1498920349, 0x5f5f63695f6c6173745f726567656e65726174657c693a313439383932303034393b),
('npr4vl9u4fftd8r1an6bf0kj490cisp1', '::1', 1498920779, 0x5f5f63695f6c6173745f726567656e65726174657c693a313439383932303439353b),
('31ptq9ica2hbs8ghs1th4ik9drv8cmb0', '::1', 1498925278, 0x5f5f63695f6c6173745f726567656e65726174657c693a313439383932353031313b),
('8trds7dvqje7go2s1jm0k68dogacds29', '::1', 1498925613, 0x5f5f63695f6c6173745f726567656e65726174657c693a313439383932353331323b),
('r4ddacd5i9qopbq6p1014eqvqog527vh', '::1', 1498925907, 0x5f5f63695f6c6173745f726567656e65726174657c693a313439383932353631383b736573735f72696e676b6173616e7c733a303a22223b),
('fedjisb14m04vh8chrkds3kb2es2cefv', '::1', 1498926192, 0x5f5f63695f6c6173745f726567656e65726174657c693a313439383932353932303b736573735f72696e676b6173616e7c733a303a22223b),
('66t8q2tusge8tinq80dqingbo610n3h5', '::1', 1498926412, 0x5f5f63695f6c6173745f726567656e65726174657c693a313439383932363233303b736573735f72696e676b6173616e7c733a303a22223b),
('qfh0k31ob826qu2m2dunotkra8am0ere', '::1', 1498927341, 0x5f5f63695f6c6173745f726567656e65726174657c693a313439383932373038323b736573735f72696e676b6173616e7c733a303a22223b),
('ojeee5ap8ug2r503o12v4nkq84ogn2d0', '::1', 1498927585, 0x5f5f63695f6c6173745f726567656e65726174657c693a313439383932373436313b736573735f72696e676b6173616e7c733a303a22223b),
('6tqmpujv96cdhvds0vf8g5jit30p7e5q', '::1', 1498978427, 0x5f5f63695f6c6173745f726567656e65726174657c693a313439383937383432373b736573735f72696e676b6173616e7c733a303a22223b),
('prvmv5kd90d03ug2j1f92fqgvaoamsji', '::1', 1498978427, 0x5f5f63695f6c6173745f726567656e65726174657c693a313439383937383432373b736573735f72696e676b6173616e7c733a303a22223b);

-- --------------------------------------------------------

--
-- Struktur dari tabel `tbl_user`
--

CREATE TABLE `tbl_user` (
  `id_user` int(11) NOT NULL,
  `username` varchar(12) CHARACTER SET latin1 DEFAULT NULL,
  `password` varchar(512) CHARACTER SET latin1 DEFAULT NULL
) ENGINE=InnoDB DEFAULT CHARSET=utf8;

--
-- Indexes for dumped tables
--

--
-- Indexes for table `tbl_armada`
--
ALTER TABLE `tbl_armada`
  ADD PRIMARY KEY (`id_armada`);

--
-- Indexes for table `tbl_halte`
--
ALTER TABLE `tbl_halte`
  ADD PRIMARY KEY (`id_halte`);

--
-- Indexes for table `tbl_jalan`
--
ALTER TABLE `tbl_jalan`
  ADD PRIMARY KEY (`id_jalan`);

--
-- Indexes for table `tbl_koordinatarmada`
--
ALTER TABLE `tbl_koordinatarmada`
  ADD PRIMARY KEY (`id_koordinatarmada`),
  ADD KEY `armada_id` (`armada_id`);

--
-- Indexes for table `tbl_koordinathalte`
--
ALTER TABLE `tbl_koordinathalte`
  ADD PRIMARY KEY (`id_koordinathalte`),
  ADD KEY `halte_id` (`halte_id`);

--
-- Indexes for table `tbl_koordinatjalan`
--
ALTER TABLE `tbl_koordinatjalan`
  ADD PRIMARY KEY (`id_koordinatjalan`),
  ADD KEY `jalan_id` (`jalan_id`);

--
-- Indexes for table `tbl_relasi`
--
ALTER TABLE `tbl_relasi`
  ADD PRIMARY KEY (`id_relasi`);

--
-- Indexes for table `tbl_sessions`
--
ALTER TABLE `tbl_sessions`
  ADD KEY `ci_sessions_timestamp` (`timestamp`);

--
-- Indexes for table `tbl_user`
--
ALTER TABLE `tbl_user`
  ADD PRIMARY KEY (`id_user`);

--
-- AUTO_INCREMENT for dumped tables
--

--
-- AUTO_INCREMENT for table `tbl_armada`
--
ALTER TABLE `tbl_armada`
  MODIFY `id_armada` int(11) NOT NULL AUTO_INCREMENT, AUTO_INCREMENT=32;
--
-- AUTO_INCREMENT for table `tbl_halte`
--
ALTER TABLE `tbl_halte`
  MODIFY `id_halte` int(11) NOT NULL AUTO_INCREMENT, AUTO_INCREMENT=36;
--
-- AUTO_INCREMENT for table `tbl_jalan`
--
ALTER TABLE `tbl_jalan`
  MODIFY `id_jalan` int(11) NOT NULL AUTO_INCREMENT, AUTO_INCREMENT=9;
--
-- AUTO_INCREMENT for table `tbl_koordinatarmada`
--
ALTER TABLE `tbl_koordinatarmada`
  MODIFY `id_koordinatarmada` int(11) NOT NULL AUTO_INCREMENT, AUTO_INCREMENT=7;
--
-- AUTO_INCREMENT for table `tbl_koordinathalte`
--
ALTER TABLE `tbl_koordinathalte`
  MODIFY `id_koordinathalte` int(11) NOT NULL AUTO_INCREMENT, AUTO_INCREMENT=13;
--
-- AUTO_INCREMENT for table `tbl_koordinatjalan`
--
ALTER TABLE `tbl_koordinatjalan`
  MODIFY `id_koordinatjalan` int(11) NOT NULL AUTO_INCREMENT, AUTO_INCREMENT=456;
--
-- AUTO_INCREMENT for table `tbl_relasi`
--
ALTER TABLE `tbl_relasi`
  MODIFY `id_relasi` int(11) NOT NULL AUTO_INCREMENT, AUTO_INCREMENT=31;
--
-- AUTO_INCREMENT for table `tbl_user`
--
ALTER TABLE `tbl_user`
  MODIFY `id_user` int(11) NOT NULL AUTO_INCREMENT;
--
-- Ketidakleluasaan untuk tabel pelimpahan (Dumped Tables)
--

--
-- Ketidakleluasaan untuk tabel `tbl_koordinatarmada`
--
ALTER TABLE `tbl_koordinatarmada`
  ADD CONSTRAINT `tbl_koordinatarmada_ibfk_1` FOREIGN KEY (`armada_id`) REFERENCES `tbl_armada` (`id_armada`);

--
-- Ketidakleluasaan untuk tabel `tbl_koordinathalte`
--
ALTER TABLE `tbl_koordinathalte`
  ADD CONSTRAINT `tbl_koordinathalte_ibfk_1` FOREIGN KEY (`halte_id`) REFERENCES `tbl_halte` (`id_halte`);

--
-- Ketidakleluasaan untuk tabel `tbl_koordinatjalan`
--
ALTER TABLE `tbl_koordinatjalan`
  ADD CONSTRAINT `tbl_koordinatjalan_ibfk_1` FOREIGN KEY (`jalan_id`) REFERENCES `tbl_jalan` (`id_jalan`);

/*!40101 SET CHARACTER_SET_CLIENT=@OLD_CHARACTER_SET_CLIENT */;
/*!40101 SET CHARACTER_SET_RESULTS=@OLD_CHARACTER_SET_RESULTS */;
/*!40101 SET COLLATION_CONNECTION=@OLD_COLLATION_CONNECTION */;
